{
  "mean": 3.109596217768491e-17,
  "std": 0.9999998698837897,
  "threshold": 0.9999998698837897,
  "last_sequence": [
    -0.47476757,
    1.47697558,
    0.95651074,
    2.25767284,
    -0.8651162,
    -0.47476757,
    -0.47476757,
    -0.47476757,
    -0.8651162
  ]
}